"comments","facebookId","facebookUrl","feedbackId","isVideo","likes","media/0/__isMedia","media/0/__typename","media/0/accent_color","media/0/all_subattachments/count","media/0/all_subattachments/nodes/0/deduplication_key","media/0/all_subattachments/nodes/0/media/__isMedia","media/0/all_subattachments/nodes/0/media/__isNode","media/0/all_subattachments/nodes/0/media/__typename","media/0/all_subattachments/nodes/0/media/accessibility_caption","media/0/all_subattachments/nodes/0/media/copyright_banner_info","media/0/all_subattachments/nodes/0/media/focus/x","media/0/all_subattachments/nodes/0/media/focus/y","media/0/all_subattachments/nodes/0/media/id","media/0/all_subattachments/nodes/0/media/image/height","media/0/all_subattachments/nodes/0/media/image/uri","media/0/all_subattachments/nodes/0/media/image/width","media/0/all_subattachments/nodes/0/media/is_playable","media/0/all_subattachments/nodes/0/media/owner/__typename","media/0/all_subattachments/nodes/0/media/owner/id","media/0/all_subattachments/nodes/0/media/photo_cix_screen","media/0/all_subattachments/nodes/0/media/viewer_image/height","media/0/all_subattachments/nodes/0/media/viewer_image/uri","media/0/all_subattachments/nodes/0/media/viewer_image/width","media/0/all_subattachments/nodes/0/url","media/0/all_subattachments/nodes/1/deduplication_key","media/0/all_subattachments/nodes/1/media/__isMedia","media/0/all_subattachments/nodes/1/media/__isNode","media/0/all_subattachments/nodes/1/media/__typename","media/0/all_subattachments/nodes/1/media/accessibility_caption","media/0/all_subattachments/nodes/1/media/copyright_banner_info","media/0/all_subattachments/nodes/1/media/focus/x","media/0/all_subattachments/nodes/1/media/focus/y","media/0/all_subattachments/nodes/1/media/id","media/0/all_subattachments/nodes/1/media/image/height","media/0/all_subattachments/nodes/1/media/image/uri","media/0/all_subattachments/nodes/1/media/image/width","media/0/all_subattachments/nodes/1/media/is_playable","media/0/all_subattachments/nodes/1/media/owner/__typename","media/0/all_subattachments/nodes/1/media/owner/id","media/0/all_subattachments/nodes/1/media/photo_cix_screen","media/0/all_subattachments/nodes/1/media/viewer_image/height","media/0/all_subattachments/nodes/1/media/viewer_image/uri","media/0/all_subattachments/nodes/1/media/viewer_image/width","media/0/all_subattachments/nodes/1/url","media/0/all_subattachments/nodes/2/deduplication_key","media/0/all_subattachments/nodes/2/media/__isMedia","media/0/all_subattachments/nodes/2/media/__isNode","media/0/all_subattachments/nodes/2/media/__typename","media/0/all_subattachments/nodes/2/media/accessibility_caption","media/0/all_subattachments/nodes/2/media/copyright_banner_info","media/0/all_subattachments/nodes/2/media/focus/x","media/0/all_subattachments/nodes/2/media/focus/y","media/0/all_subattachments/nodes/2/media/id","media/0/all_subattachments/nodes/2/media/image/height","media/0/all_subattachments/nodes/2/media/image/uri","media/0/all_subattachments/nodes/2/media/image/width","media/0/all_subattachments/nodes/2/media/is_playable","media/0/all_subattachments/nodes/2/media/owner/__typename","media/0/all_subattachments/nodes/2/media/owner/id","media/0/all_subattachments/nodes/2/media/photo_cix_screen","media/0/all_subattachments/nodes/2/media/viewer_image/height","media/0/all_subattachments/nodes/2/media/viewer_image/uri","media/0/all_subattachments/nodes/2/media/viewer_image/width","media/0/all_subattachments/nodes/2/url","media/0/animated_image_caption","media/0/audio_availability","media/0/audio_settings","media/0/autoplay_gating_result","media/0/breakingStatus","media/0/broadcast_id","media/0/broadcast_low_latency_config","media/0/broadcast_status","media/0/broadcaster_origin","media/0/can_autoplay","media/0/can_use_oz","media/0/can_viewer_share","media/0/canonical_uri_with_fallback","media/0/captions_settings","media/0/captions_url","media/0/clip_fallback_cover","media/0/comet_product_tag_feed_overlay_renderer","media/0/comet_video_player_audio_background_renderer","media/0/comet_video_player_audio_overlay_renderer","media/0/comet_video_player_context_sensitive_config","media/0/comet_video_player_music_sprout_background_renderer","media/0/comet_video_player_static_config","media/0/dash_manifest","media/0/dash_prefetch_experimental/0","media/0/dash_prefetch_experimental/1","media/0/drm_info","media/0/end_cards_channel_info/__module_component_useVideoPlayerWatchEndScreenWithActions_video/__dr","media/0/end_cards_channel_info/__module_operation_useVideoPlayerWatchEndScreenWithActions_video/__dr","media/0/end_cards_channel_info/video/can_viewer_share","media/0/end_cards_channel_info/video/creation_story/id","media/0/end_cards_channel_info/video/creation_story/shareable","media/0/end_cards_channel_info/video/id","media/0/end_cards_channel_info/video_chaining_caller","media/0/end_cards_channel_info/video_channel_entry_point","media/0/fbls_tier","media/0/height","media/0/id","media/0/if_viewer_can_see_community_moderation_tools","media/0/if_viewer_can_see_costreaming_tools","media/0/if_viewer_can_see_pay_to_access_paywall","media/0/if_viewer_can_use_clipping","media/0/if_viewer_can_use_latency_menu","media/0/if_viewer_can_use_latency_menu_toggle","media/0/if_viewer_can_use_live_rewind","media/0/image/uri","media/0/info/__module_component_useVideoPlayerWatchPauseScreenWithActions_video/__dr","media/0/info/__module_operation_useVideoPlayerWatchPauseScreenWithActions_video/__dr","media/0/info/video_chaining_caller","media/0/info/video_channel_entry_point","media/0/info/video_id","media/0/isPremiere","media/0/is_clip","media/0/is_clipping_enabled","media/0/is_gaming_video","media/0/is_huddle","media/0/is_latency_menu_enabled","media/0/is_latency_sensitive_broadcast","media/0/is_live_audio_room_v2_broadcast","media/0/is_live_streaming","media/0/is_live_trace_enabled","media/0/is_looping","media/0/is_music_clip","media/0/is_ncsr","media/0/is_podcast_video","media/0/is_rss_podcast_video","media/0/is_soundbites_video","media/0/is_spherical","media/0/is_spherical_enabled","media/0/is_video_broadcast","media/0/latency_sensitive_config","media/0/liveViewerCount","media/0/live_playback_instrumentation_configs","media/0/live_rewind_enabled","media/0/live_speaker_count_indicator","media/0/loop_count","media/0/matcha_related_keywords_links/0","media/0/mediaset_token","media/0/min_quality_preference","media/0/music_attachment_metadata","media/0/ocrText","media/0/original_height","media/0/original_rotation","media/0/original_width","media/0/owner/__isVideoOwner","media/0/owner/__typename","media/0/owner/has_professional_features_for_watch","media/0/owner/id","media/0/p2p_settings","media/0/permalink_url","media/0/photo_image/height","media/0/photo_image/uri","media/0/photo_image/width","media/0/playable_duration_in_ms","media/0/playable_url","media/0/playable_url_dash","media/0/playable_url_quality_hd","media/0/pmv_metadata","media/0/preferred_thumbnail/id","media/0/preferred_thumbnail/image/uri","media/0/preferred_thumbnail/image_preview_payload","media/0/publish_time","media/0/recipient_group","media/0/rehearsalInfo","media/0/scrubber_preview_thumbnail_information/has_preview_thumbnails","media/0/scrubber_preview_thumbnail_information/max_number_of_images_per_sprite","media/0/scrubber_preview_thumbnail_information/num_images_per_row","media/0/scrubber_preview_thumbnail_information/thumbnail_height","media/0/scrubber_preview_thumbnail_information/thumbnail_width","media/0/scrubber_preview_thumbnail_information/time_interval_between_image","media/0/spherical_video_fallback_urls","media/0/spherical_video_renderer","media/0/thumbnailImage/uri","media/0/unsupported_browser_message","media/0/url","media/0/videoId","media/0/video_anchor_tag_info","media/0/video_collaborator_page_or_delegate_page","media/0/video_container_type","media/0/video_imf_data","media/0/video_player_shaka_live_p2p_init","media/0/video_player_shaka_performance_logger_init/__module_component_useVideoPlayerShakaPerformanceLoggerRelayImpl_video/__dr","media/0/video_player_shaka_performance_logger_init/__module_operation_useVideoPlayerShakaPerformanceLoggerRelayImpl_video/__dr","media/0/video_player_shaka_performance_logger_init/__typename","media/0/video_player_shaka_performance_logger_init2/__module_component_useVideoPlayerShakaPerformanceLoggerBuilder_video/__dr","media/0/video_player_shaka_performance_logger_init2/__module_operation_useVideoPlayerShakaPerformanceLoggerBuilder_video/__dr","media/0/video_player_shaka_performance_logger_init2/__typename","media/0/video_player_shaka_performance_logger_init2/per_session_sampling_rate","media/0/video_player_shaka_performance_logger_should_sample","media/0/viewer_autoplay_setting","media/0/width","pageName","postId","shares","text","time","timestamp","topLevelUrl","url"
"35755","100044296486382","https://www.facebook.com/Cristiano","ZmVlZGJhY2s6ODU0MTkwMjg5NDAwODQ2",,"1086951","Photo","Photo","FFB47C63",,,,,,,,,,,,,,,,,,,,,,,,,,,,,,,,,,,,,,,,,,,,,,,,,,,,,,,,,,,,,,,,,,,,,,,,,,,,,,,,,,,,,,,,,,,,,,,,,,"854190262734182",,,,,,,,,,,,,,,,,,,,,,,,,,,,,,,,,,,,,,,,,,,"May be an image of 2 people and text",,,,,,,,,,"526","https://scontent-lga3-2.xx.fbcdn.net/v/t39.30808-6/345630258_268592735590826_3713721168246530326_n.jpg?stp=dst-jpg_p526x296&_nc_cat=1&ccb=1-7&_nc_sid=730e14&_nc_ohc=n48-dFVdOqAAX-9ckAC&_nc_oc=AQkCsyhsBfh2mvh6cLxTsx-_igyKIlcyX2FNW5udDytgtrGEhA-KVr4SiAUtlFQGosLZ6b303GeDQp0UWunzVbZ4&_nc_ht=scontent-lga3-2.xx&oh=00_AfDhgQQ4JokWw2gdE41t4o5UoMYqOqKuHBJHXohD2hTH8A&oe=6468EA96","526",,,,,,,,,,,,,,,,,,,,,,"https://www.facebook.com/photo/?fbid=854190262734182&set=a.322648365888377",,,,,,,,,,,,,,,,,"Cristiano Ronaldo","854190289400846","6491","Had the pleasure a few years ago to visit Singapore, spend some time with these amazing kids and see the great work of the Peter Lim Scholarship. 
Looking forward to see all of you again next month🤗","2023-05-13T19:00:32.000Z","1684004432","https://www.facebook.com/100044296486382/posts/854190289400846","https://www.facebook.com/Cristiano/posts/pfbid034XotatFNUdPHF19AJFqAjdVGtxZ9EZAsiJ5AruFh2cN93wahg8iA3srHHABo8QXxl"
"12156","100044296486382","https://www.facebook.com/Cristiano","ZmVlZGJhY2s6ODUzNTk3NDM2MTI2Nzk4","true","270967",,"Video",,,,,,,,,,,,,,,,,,,,,,,,,,,,,,,,,,,,,,,,,,,,,,,,,,,,,,,,,,,,,,,,"AVAILABLE",,"ugc_default_allowed","false",,,,,"true","true","false","https://www.facebook.com/Cristiano/videos/for-a-chance-to-win-my-signed-shirt/552946913656423/",,,,,,,"{}",,"{}","<?xml version=""1.0"" encoding=""UTF-8""?>
<MPD xmlns=""urn:mpeg:dash:schema:mpd:2011"" xmlns:xsi=""http://www.w3.org/2001/XMLSchema-instance"" xsi:schemaLocation=""urn:mpeg:dash:schema:mpd:2011 DASH-MPD.xsd"" profiles=""urn:mpeg:dash:profile:isoff-on-demand:2011"" minBufferTime=""PT2S"" type=""static"" mediaPresentationDuration=""PT15.168000221252441S"" FBTagsetUsed=""r2_vp9_gen1avc"" FBManifestIdentifier=""FgAYDnIyX3ZwOV9nZW4xYXZjGca++5ihqdJB3pjF4ZfogALUwaauuv6QAsLhwd7I1+ACpuH0iJaS7ALMoPPilbCcA96nzOfD3bMD6PP0o5qMtgOytOiy+YXKA/jj9qT2/7kE7pfRp5fvgwaUhfPJ7anCCAA=""><Period id=""0"" duration=""PT15.168000221252441S""><AdaptationSet id=""0"" contentType=""video"" frameRate=""12800/512"" subsegmentAlignment=""true"" par=""4:5""><SupplementalProperty schemeIdUri=""urn:mpeg:dash:adaptation-set-switching:2016"" value=""1""/><Representation id=""958181945215471v"" bandwidth=""66848"" codecs=""av01.0.04M.08"" mimeType=""video/mp4"" sar=""1:1"" FBEncodingTag=""dash_r2_av1_gen1avc_lc_q60_frag_2_video"" FBPlaybackResolutionMos=""0:100,360:88.4,480:87.9,720:86.3,1080:84.1"" FBPlaybackResolutionMosConfidenceLevel=""high"" FBPlaybackResolutionCsvqm=""0:100,360:90.1,480:88,720:86.8,1080:73.7"" FBAbrPolicyTags=""hvq_www_inline,hvq"" width=""720"" height=""900"" FBDefaultQuality=""1"" FBQualityClass=""hd"" FBQualityLabel=""540p""><BaseURL>https://video-yyz1-1.xx.fbcdn.net/v/t39.25447-2/345904928_201273956070975_2168841222004946975_n.mp4?_nc_cat=108&ccb=1-7&_nc_sid=9c5c06&efg=eyJ2ZW5jb2RlX3RhZyI6ImRhc2hfcjJfYXYxX2dlbjFhdmNfbGNfcTYwX2ZyYWdfMl92aWRlbyJ9&_nc_ohc=-tZw3XEFTKgAX9PnIfa&_nc_ht=video-yyz1-1.xx&oh=00_AfDAoHMiRlErhqXyyE67AUnHYf2vDWti6BxZ1GYyfbI15Q&oe=6467AC4A</BaseURL><SegmentBase indexRange=""800-879"" timescale=""12800"" FBFirstSegmentRange=""880-57009""><Initialization range=""0-799""/></SegmentBase></Representation><Representation id=""963381871680756v"" bandwidth=""105818"" codecs=""av01.0.08M.08"" mimeType=""video/mp4"" sar=""1:1"" FBEncodingTag=""dash_r2_av1_gen1avc_lc_q90_frag_2_video"" FBPlaybackResolutionMos=""0:100,360:91.2,480:90.6,720:90.2,1080:89.4"" FBPlaybackResolutionMosConfidenceLevel=""high"" FBPlaybackResolutionCsvqm=""0:100,360:94.6,480:92.8,720:89.5,1080:85.6"" FBAbrPolicyTags=""avoid_on_cellular,avoid_on_cellular_intentional,hvq_www_inline,hvq"" width=""1080"" height=""1350"" FBQualityClass=""hd"" FBQualityLabel=""640p""><BaseURL>https://video-yyz1-1.xx.fbcdn.net/v/t39.25447-2/346482030_1332685910648525_7169992906813262286_n.mp4?_nc_cat=103&ccb=1-7&_nc_sid=9c5c06&efg=eyJ2ZW5jb2RlX3RhZyI6ImRhc2hfcjJfYXYxX2dlbjFhdmNfbGNfcTkwX2ZyYWdfMl92aWRlbyJ9&_nc_ohc=T0Y31b_29CoAX9iaVw7&_nc_ht=video-yyz1-1.xx&oh=00_AfCI9ea40Hnid_PPnEJWmYKyiJh2hlaG8Y3rdIA4SZammQ&oe=64679136</BaseURL><SegmentBase indexRange=""800-879"" timescale=""12800"" FBFirstSegmentRange=""880-95350""><Initialization range=""0-799""/></SegmentBase></Representation><Representation id=""800756664801363v"" bandwidth=""113606"" codecs=""av01.0.04M.08"" mimeType=""video/mp4"" sar=""1:1"" FBEncodingTag=""dash_r2_av1_gen1avc_lc_q70_frag_2_video"" FBPlaybackResolutionMos=""0:100,360:92,480:91.5,720:89.4,1080:86.8"" FBPlaybackResolutionMosConfidenceLevel=""high"" FBPlaybackResolutionCsvqm=""0:100,360:93.6,480:93,720:92.7,1080:79.9"" FBAbrPolicyTags=""hvq_www_inline,hvq"" width=""720"" height=""900"" FBQualityClass=""hd"" FBQualityLabel=""720p""><BaseURL>https://video-yyz1-1.xx.fbcdn.net/v/t39.25447-2/346842652_612648447459420_1771718435949063646_n.mp4?_nc_cat=110&ccb=1-7&_nc_sid=9c5c06&efg=eyJ2ZW5jb2RlX3RhZyI6ImRhc2hfcjJfYXYxX2dlbjFhdmNfbGNfcTcwX2ZyYWdfMl92aWRlbyJ9&_nc_ohc=01fSLEg49dkAX-f3hdI&_nc_ht=video-yyz1-1.xx&oh=00_AfBGac7s7V6UNXhAF3OJu7PMqgm1nNy4gVORv5jEUHhyjQ&oe=646857B5</BaseURL><SegmentBase indexRange=""800-879"" timescale=""12800"" FBFirstSegmentRange=""880-103099""><Initialization range=""0-799""/></SegmentBase></Representation><Representation id=""1253441952209148v"" bandwidth=""161337"" codecs=""av01.0.04M.08"" mimeType=""video/mp4"" sar=""1:1"" FBEncodingTag=""dash_r2_av1_gen1avc_lc_q80_frag_2_video"" FBPlaybackResolutionMos=""0:100,360:93.9,480:93.3,720:91.1,1080:88.2"" FBPlaybackResolutionMosConfidenceLevel=""high"" FBPlaybackResolutionCsvqm=""0:100,360:95,480:95,720:96,1080:83.6"" FBAbrPolicyTags=""hvq_www_inline,hvq"" width=""720"" height=""900"" FBQualityClass=""hd"" FBQualityLabel=""1080p""><BaseURL>https://video-yyz1-1.xx.fbcdn.net/v/t39.25447-2/345651186_189870640659780_2484719154857997869_n.mp4?_nc_cat=106&ccb=1-7&_nc_sid=9c5c06&efg=eyJ2ZW5jb2RlX3RhZyI6ImRhc2hfcjJfYXYxX2dlbjFhdmNfbGNfcTgwX2ZyYWdfMl92aWRlbyJ9&_nc_ohc=ZOuEnjsYdqUAX_w1ZHL&_nc_ht=video-yyz1-1.xx&oh=00_AfD9CPYf2SnF88qawcJrMgsSJ9XDXaZBdzT8NOa-jL0SeQ&oe=64672641</BaseURL><SegmentBase indexRange=""800-879"" timescale=""12800"" FBFirstSegmentRange=""880-153046""><Initialization range=""0-799""/></SegmentBase></Representation></AdaptationSet><AdaptationSet id=""1"" contentType=""video"" frameRate=""12800/512"" subsegmentAlignment=""true"" par=""4:5""><SupplementalProperty schemeIdUri=""urn:mpeg:dash:adaptation-set-switching:2016"" value=""0""/><Representation id=""906825137285158v"" bandwidth=""59205"" codecs=""vp09.00.21.08.01.01.01.01.00"" mimeType=""video/mp4"" sar=""1:1"" FBEncodingTag=""dash_r2_vp9_gen1avc_q40_frag_2_video"" FBPlaybackResolutionMos=""0:100,360:80.4,400:78.5,480:78.5,720:76,1080:71.5"" FBPlaybackResolutionMosConfidenceLevel=""high"" FBPlaybackResolutionCsvqm=""0:100,360:83.5,480:77.6,720:67.9,1080:54"" FBAbrPolicyTags=""hvq_www_inline"" width=""400"" height=""500"" FBDefaultQuality=""1"" FBQualityClass=""sd"" FBQualityLabel=""180p""><BaseURL>https://video-yyz1-1.xx.fbcdn.net/v/t39.25447-2/346272442_753378936527759_1841181670444456972_n.mp4?_nc_cat=100&ccb=1-7&_nc_sid=9c5c06&efg=eyJ2ZW5jb2RlX3RhZyI6ImRhc2hfcjJfdnA5X2dlbjFhdmNfcTQwX2ZyYWdfMl92aWRlbyJ9&_nc_ohc=6x60uG-TEc0AX8UAVjC&_nc_ht=video-yyz1-1.xx&oh=00_AfAQ_yhHHeOcBhfOwD23v7oQKVNgU8nKEuX4UD2iPeLiMw&oe=64687C8A</BaseURL><SegmentBase indexRange=""792-871"" timescale=""12800"" FBFirstSegmentRange=""872-37874""><Initialization range=""0-791""/></SegmentBase></Representation><Representation id=""144350798618335v"" bandwidth=""64690"" codecs=""vp09.00.11.08.01.01.01.01.00"" mimeType=""video/mp4"" sar=""1:1"" FBEncodingTag=""dash_r2_vp9_gen1avc_q30_frag_2_video"" FBPlaybackResolutionMos=""0:100,240:83.2,360:76.3,480:73.1,720:69,1080:63.7"" FBPlaybackResolutionMosConfidenceLevel=""high"" FBPlaybackResolutionCsvqm=""0:100,360:78.1,480:68.5,720:58,1080:39.4"" FBAbrPolicyTags="""" width=""240"" height=""300"" FBQualityClass=""sd"" FBQualityLabel=""240p""><BaseURL>https://video-yyz1-1.xx.fbcdn.net/v/t39.25447-2/346475921_790559355610046_8708143118991814306_n.mp4?_nc_cat=111&ccb=1-7&_nc_sid=9c5c06&efg=eyJ2ZW5jb2RlX3RhZyI6ImRhc2hfcjJfdnA5X2dlbjFhdmNfcTMwX2ZyYWdfMl92aWRlbyJ9&_nc_ohc=wboFde7gfosAX9B9Iv9&_nc_ht=video-yyz1-1.xx&oh=00_AfBo0vtDR4JP-oUNtJZYYNe17OTAstgc1P3B92bUqPPRqw&oe=64683B07</BaseURL><SegmentBase indexRange=""792-871"" timescale=""12800"" FBFirstSegmentRange=""872-41302""><Initialization range=""0-791""/></SegmentBase></Representation><Representation id=""1697357024077303v"" bandwidth=""112517"" codecs=""vp09.00.21.08.01.01.01.01.00"" mimeType=""video/mp4"" sar=""1:1"" FBEncodingTag=""dash_r2_vp9_gen1avc_q50_frag_2_video"" FBPlaybackResolutionMos=""0:100,360:87.8,400:86.6,480:85.9,720:82.1,1080:75.6"" FBPlaybackResolutionMosConfidenceLevel=""high"" FBPlaybackResolutionCsvqm=""0:100,360:90.9,480:87.1,720:78.9,1080:64.7"" FBAbrPolicyTags=""hvq_www_inline"" width=""400"" height=""500"" FBQualityClass=""sd"" FBQualityLabel=""360p""><BaseURL>https://video-yyz1-1.xx.fbcdn.net/v/t39.25447-2/346809096_160341156960292_2750683275912159173_n.mp4?_nc_cat=100&ccb=1-7&_nc_sid=9c5c06&efg=eyJ2ZW5jb2RlX3RhZyI6ImRhc2hfcjJfdnA5X2dlbjFhdmNfcTUwX2ZyYWdfMl92aWRlbyJ9&_nc_ohc=PW5WThBQniwAX9cGO3k&_nc_ht=video-yyz1-1.xx&oh=00_AfDqOteUQ613-es0c9bHuaSQ2lwSGeGAN_g5X2F-lRI5lQ&oe=6467BD65</BaseURL><SegmentBase indexRange=""792-871"" timescale=""12800"" FBFirstSegmentRange=""872-71194""><Initialization range=""0-791""/></SegmentBase></Representation><Representation id=""1007254844017945v"" bandwidth=""129439"" codecs=""vp09.00.31.08.01.01.01.01.00"" mimeType=""video/mp4"" sar=""1:1"" FBEncodingTag=""dash_r2_vp9_gen1avc_q60_frag_2_video"" FBPlaybackResolutionMos=""0:100,360:86.6,480:86.1,720:84.5,1080:81.2"" FBPlaybackResolutionMosConfidenceLevel=""high"" FBPlaybackResolutionCsvqm=""0:100,360:88.5,480:85.2,720:83.4,1080:70.4"" FBAbrPolicyTags=""hvq_www_inline,hvq"" width=""720"" height=""900"" FBQualityClass=""hd"" FBQualityLabel=""540p""><BaseURL>https://video-yyz1-1.xx.fbcdn.net/v/t39.25447-2/346760285_236760065743849_7086950274907184601_n.mp4?_nc_cat=106&ccb=1-7&_nc_sid=9c5c06&efg=eyJ2ZW5jb2RlX3RhZyI6ImRhc2hfcjJfdnA5X2dlbjFhdmNfcTYwX2ZyYWdfMl92aWRlbyJ9&_nc_ohc=d8zjNP6ykr8AX9LQ28v&_nc_oc=AQm2_j6DinStCxEv5BmJJTqtz3AtsFj-I5Gtm_A5sg0rrBqpl6-gbb3s5GpvdcAIzMaDf1d8FY0rWMtoburOg3DD&_nc_ht=video-yyz1-1.xx&oh=00_AfDve0U0xxgu-iHIlKATcPP3j8nU54-xCmCtzRt79qfJsw&oe=6467BD5B</BaseURL><SegmentBase indexRange=""792-871"" timescale=""12800"" FBFirstSegmentRange=""872-81770""><Initialization range=""0-791""/></SegmentBase></Representation><Representation id=""2397654430409034v"" bandwidth=""166399"" codecs=""vp09.00.31.08.01.01.01.01.00"" mimeType=""video/mp4"" sar=""1:1"" FBEncodingTag=""dash_r2_vp9_gen1avc_q70_frag_2_video"" FBPlaybackResolutionMos=""0:100,360:89,480:88.3,720:86.8,1080:83.3"" FBPlaybackResolutionMosConfidenceLevel=""high"" FBPlaybackResolutionCsvqm=""0:100,360:90.9,480:88.7,720:86.8,1080:73.5"" FBAbrPolicyTags=""hvq_www_inline,hvq"" width=""720"" height=""900"" FBQualityClass=""hd"" FBQualityLabel=""640p""><BaseURL>https://video-yyz1-1.xx.fbcdn.net/v/t39.25447-2/345625741_1679052382553670_5510752049428451670_n.mp4?_nc_cat=108&ccb=1-7&_nc_sid=9c5c06&efg=eyJ2ZW5jb2RlX3RhZyI6ImRhc2hfcjJfdnA5X2dlbjFhdmNfcTcwX2ZyYWdfMl92aWRlbyJ9&_nc_ohc=IGG927tIY5sAX-DbaaN&_nc_ht=video-yyz1-1.xx&oh=00_AfDWqatrGHjI93OI1ax0V-uc8ydki82yIewTuIMEsZzrYg&oe=64681627</BaseURL><SegmentBase indexRange=""792-871"" timescale=""12800"" FBFirstSegmentRange=""872-104870""><Initialization range=""0-791""/></SegmentBase></Representation><Representation id=""775560597354593v"" bandwidth=""329229"" codecs=""vp09.00.31.08.01.01.01.01.00"" mimeType=""video/mp4"" sar=""1:1"" FBEncodingTag=""dash_r2_vp9_gen1avc_q80_frag_2_video"" FBPlaybackResolutionMos=""0:100,360:93.2,480:92.6,720:90.8,1080:87"" FBPlaybackResolutionMosConfidenceLevel=""high"" FBPlaybackResolutionCsvqm=""0:100,360:94.4,480:94,720:94.2,1080:81.2"" FBAbrPolicyTags=""hvq_www_inline,hvq"" width=""720"" height=""900"" FBQualityClass=""hd"" FBQualityLabel=""720p""><BaseURL>https://video-yyz1-1.xx.fbcdn.net/v/t39.25447-2/345623389_192647746563595_7268097091230976423_n.mp4?_nc_cat=109&ccb=1-7&_nc_sid=9c5c06&efg=eyJ2ZW5jb2RlX3RhZyI6ImRhc2hfcjJfdnA5X2dlbjFhdmNfcTgwX2ZyYWdfMl92aWRlbyJ9&_nc_ohc=CXlhGaL5tkcAX8u0q-g&_nc_ht=video-yyz1-1.xx&oh=00_AfCXAaN94KVHKS-J879FhLrg6G2WtSJaFc9x3Z0AyrVX6g&oe=6468CFB6</BaseURL><SegmentBase indexRange=""792-871"" timescale=""12800"" FBFirstSegmentRange=""872-206639""><Initialization range=""0-791""/></SegmentBase></Representation><Representation id=""600306822205546v"" bandwidth=""600287"" codecs=""vp09.00.40.08.01.01.01.01.00"" mimeType=""video/mp4"" sar=""1:1"" FBEncodingTag=""dash_r2_vp9_gen1avc_q90_frag_2_video"" FBPlaybackResolutionMos=""0:100,360:94.9,480:94.3,720:93.6,1080:92.3"" FBPlaybackResolutionMosConfidenceLevel=""high"" FBPlaybackResolutionCsvqm=""0:100,360:96.6,480:95.9,720:94.5,1080:91.6"" FBAbrPolicyTags=""avoid_on_cellular,avoid_on_cellular_intentional,hvq_www_inline,hvq"" width=""1080"" height=""1350"" FBQualityClass=""hd"" FBQualityLabel=""1080p""><BaseURL>https://video-yyz1-1.xx.fbcdn.net/v/t39.25447-2/345934857_1240339126686303_4164137330710053879_n.mp4?_nc_cat=100&ccb=1-7&_nc_sid=9c5c06&efg=eyJ2ZW5jb2RlX3RhZyI6ImRhc2hfcjJfdnA5X2dlbjFhdmNfcTkwX2ZyYWdfMl92aWRlbyJ9&_nc_ohc=ZOhpqiqfehYAX-h5CM0&_nc_oc=AQkYwSkhH0DPHnxNk7HJWa1QYIqXsvslrNbvs5IaMZd1DIPLvtP-qD5sSuLePeme_PCbJw9qWnhFYDA-p9uPVcPC&_nc_ht=video-yyz1-1.xx&oh=00_AfBZIi0VpfpSzELjUzLoy6oI7Bf1ZuV26ympy9APS57b8Q&oe=64684D02</BaseURL><SegmentBase indexRange=""792-871"" timescale=""12800"" FBFirstSegmentRange=""872-376050""><Initialization range=""0-791""/></SegmentBase></Representation></AdaptationSet><AdaptationSet id=""2"" contentType=""audio"" subsegmentAlignment=""true""><Representation id=""564739849102895a"" bandwidth=""65852"" codecs=""mp4a.40.5"" mimeType=""audio/mp4"" FBAvgBitrate=""65852"" audioSamplingRate=""48000"" FBEncodingTag=""dash_audio_aacp_64_fnorm14_frag_2_audio"" FBDefaultQuality=""1""><AudioChannelConfiguration schemeIdUri=""urn:mpeg:dash:23003:3:audio_channel_configuration:2011"" value=""2""/><BaseURL>https://video-yyz1-1.xx.fbcdn.net/v/t39.25447-2/346472090_1043072740410174_3507159346389848629_n.mp4?_nc_cat=109&ccb=1-7&_nc_sid=9c5c06&efg=eyJ2ZW5jb2RlX3RhZyI6ImRhc2hfYXVkaW9fYWFjcF82NF9mbm9ybTE0X2ZyYWdfMl9hdWRpbyJ9&_nc_ohc=U851W_pNhFEAX90CzYn&_nc_ht=video-yyz1-1.xx&oh=00_AfB0SgSoH4UXEYodOafDb-aWPyK3WwL5x5-SHvTlhn4Rsg&oe=64672F38</BaseURL><SegmentBase indexRange=""817-944"" timescale=""48000"" FBFirstSegmentRange=""945-18728""><Initialization range=""0-816""/></SegmentBase></Representation></AdaptationSet></Period></MPD>
","958181945215471v","564739849102895a","{""video_license_uri_map"":{},""graph_api_video_license_uri"":null,""fairplay_cert"":null,""widevine_cert"":""CsECCAMSEBcFuRfMEgSGiwYzOi93KowYgrSCkgUijgIwggEKAoIBAQCZ7Vs7Mn2rXiTvw7YqlbWYUgrVvMs3UD4GRbgU2Ha430BRBEGtjOOtsRu4jE5yWl5KngeVKR1YWEAjp+GvDjipEnk5MAhhC28VjIeMfiG\/+\/7qd+EBnh5XgeikX0YmPRTmDoBYqGB63OBPrIRXsTeo1nzN6zNwXZg6IftO7L1KEMpHSQykfqpdQ4IY3brxyt4zkvE9b\/tkQv0x4b9AsMYE0cS6TJUgpL+X7r1gkpr87vVbuvVk4tDnbNfFXHOggrmWEguDWe3OJHBwgmgNb2fG2CxKxfMTRJCnTuw3r0svAQxZ6ChD4lgvC2ufXbD8Xm7fZPvTCLRxG88SUAGcn1oJAgMBAAE6FGxpY2Vuc2Uud2lkZXZpbmUuY29tEoADrjRzFLWoNSl\/JxOI+3u4y1J30kmCPN3R2jC5MzlRHrPMveoEuUS5J8EhNG79verJ1BORfm7BdqEEOEYKUDvBlSubpOTOD8S\/wgqYCKqvS\/zRnB3PzfV0zKwo0bQQQWz53ogEMBy9szTK\/NDUCXhCOmQuVGE98K\/PlspKkknYVeQrOnA+8XZ\/apvTbWv4K+drvwy6T95Z0qvMdv62Qke4XEMfvKUiZrYZ\/DaXlUP8qcu9u\/r6DhpV51Wjx7zmVflkb1gquc9wqgi5efhn9joLK3\/bNixbxOzVVdhbyqnFk8ODyFfUnaq3fkC3hR3f0kmYgI41sljnXXjqwMoW9wRzBMINk+3k6P8cbxfmJD4\/Paj8FwmHDsRfuoI6Jj8M76H3CTsZCZKDJjM3BQQ6Kb2m+bQ0LMjfVDyxoRgvfF\/\/M\/EEkPrKWyU2C3YBXpxaBquO4C8A0ujVmGEEqsxN1HX9lu6c5OMm8huDxwWFd7OHMs3avGpr7RP7DUnTikXrh6X0""}","VideoPlayerWatchInlineEndScreen.react","VideoPlayerWatchInlineEndScreen_info$normalization.graphql","false","UzpfSTEwMDA0NDI5NjQ4NjM4MjpWSzo1NTI5NDY5MTM2NTY0MjM=",,"552946913656423","CHANNEL_VIEW_FROM_END_CARD","PROFILE",,"1350","552946913656423",,,,,,,,"https://scontent-yyz1-1.xx.fbcdn.net/v/t15.5256-10/346112538_264499255948362_3720955068324346534_n.jpg?stp=dst-jpg_p403x403&_nc_cat=109&ccb=1-7&_nc_sid=ad6a45&_nc_ohc=vddCLOSgEqUAX8LLB4N&_nc_ht=scontent-yyz1-1.xx&oh=00_AfBZEIrJurAY2eEIujlooYtxwa46kZlkhgNbVsQDzRyA-g&oe=64679C61","VideoPlayerWatchInlinePauseScreen.react","VideoPlayerWatchInlinePauseScreen_info$normalization.graphql","CHANNEL_VIEW_FROM_END_CARD","PROFILE","552946913656423","false","false","false","false","false","false","false","false","false","false","true","false","false","false","false","false","false","true","false",,"0",,"false",,"6","",,,,,"1350","NO_ROTATE","1080","User","User","true","100044296486382",,"https://www.facebook.com/Cristiano/videos/552946913656423/",,,,"15189","https://video-yyz1-1.xx.fbcdn.net/v/t42.1790-2/346326983_687818609815803_2531641684753857040_n.mp4?_nc_cat=104&ccb=1-7&_nc_sid=985c63&efg=eyJybHIiOjM1MSwicmxhIjo1MTIsInZlbmNvZGVfdGFnIjoic3ZlX3NkIn0%3D&_nc_ohc=4nNbrRppVd0AX_GHfRh&rl=351&vabr=195&_nc_ht=video-yyz1-1.xx&oh=00_AfDUIH7dESUByrtGCMDwQXlZkxeap0xquIhCeI1Gwc89Fw&oe=6467FDAA","https://www.facebook.com/video/playback/dash_mpd_debug.mpd?v=552946913656423&dummy=.mpd","https://video-yyz1-1.xx.fbcdn.net/v/t39.25447-2/346610037_191510087163484_2043408261292596549_n.mp4?_nc_cat=110&vs=efbe4d740a2fe8b3&_nc_vs=HBksFQAYJEdIWFpxQlJjWHJkcUxhNEFBRVdkY2JuOHBGc2NibWRqQUFBRhUAAsgBABUAGCRHTmhpbmhRY2RSOTE3QmdDQU5rXy1XRnBDb1ltYnJGcUFBQUYVAgLIAQBLB4gScHJvZ3Jlc3NpdmVfcmVjaXBlATENc3Vic2FtcGxlX2ZwcwAQdm1hZl9lbmFibGVfbnN1YgAgbWVhc3VyZV9vcmlnaW5hbF9yZXNvbHV0aW9uX3NzaW0AKGNvbXB1dGVfc3NpbV9vbmx5X2F0X29yaWdpbmFsX3Jlc29sdXRpb24AHXVzZV9sYW5jem9zX2Zvcl92cW1fdXBzY2FsaW5nABFkaXNhYmxlX3Bvc3RfcHZxcwAVACUAHIwXQAAAAAAAAAAREQAAACb458jnm%2Bm%2FBBUCKAJDMxgLdnRzX3ByZXZpZXccF0AuUeuFHrhSGCBkYXNoX3Y0XzVzZWNnb3BfaHEyX2ZyYWdfMl92aWRlbxIAGBh2aWRlb3MudnRzLmNhbGxiYWNrLnByb2Q4ElZJREVPX1ZJRVdfUkVRVUVTVBsKiBVvZW1fdGFyZ2V0X2VuY29kZV90YWcGb2VwX2hkE29lbV9yZXF1ZXN0X3RpbWVfbXMBMAxvZW1fY2ZnX3J1bGUHdW5tdXRlZBNvZW1fcm9pX3JlYWNoX2NvdW50CTE2MzE5Njc3NhFvZW1faXNfZXhwZXJpbWVudAAMb2VtX3ZpZGVvX2lkDzU1Mjk0NjkxMzY1NjQyMxJvZW1fdmlkZW9fYXNzZXRfaWQPMjY0NDk4MTgyNjE1MTM2FW9lbV92aWRlb19yZXNvdXJjZV9pZBAxMjY2MjQ1OTkwNjg1MTgwHG9lbV9zb3VyY2VfdmlkZW9fZW5jb2RpbmdfaWQPMjA2MjE4MjIyMjE3OTc2DnZ0c19yZXF1ZXN0X2lkACUCHAAlvgEbB4gBcwQxMzA2AmNkCjIwMjMtMDUtMTIDcmNiCTE2MzE5NjcwMANhcHAGVmlkZW9zAmN0GUNPTlRBSU5FRF9QT1NUX0FUVEFDSE1FTlQTb3JpZ2luYWxfZHVyYXRpb25fcwkxNS4xODkzMzMCdHMVcHJvZ3Jlc3NpdmVfZW5jb2RpbmdzAA%3D%3D&ccb=1-7&_nc_sid=edb1c8&efg=eyJ2ZW5jb2RlX3RhZyI6Im9lcF9oZCJ9&_nc_ohc=vX8IqFPMqBcAX-H1-2m&_nc_ht=video-yyz1-1.xx&oh=00_AfCAzRnOxcd9Ek1N8Oe65GjIbjy1ubI_8Zi4KvKOfMx2KA&oe=6468AF87&_nc_rid=929415966212068",,"264499252615029","https://scontent-yyz1-1.xx.fbcdn.net/v/t15.5256-10/346112538_264499255948362_3720955068324346534_n.jpg?stp=dst-jpg_s960x960&_nc_cat=109&ccb=1-7&_nc_sid=df419e&_nc_ohc=vddCLOSgEqUAX8LLB4N&_nc_ht=scontent-yyz1-1.xx&oh=00_AfA2-PR4r1IBwyAGTb5lmwwf38yazVr3v3AeOsblWoU6kg&oe=64679C61","ACIqrqv86gmMjPsTIwM5/wDr1cT+tRzOqfMTjtjPX/8AV/KpKGRhimX61WkYqVAz91fxzUslzgZGDnt7U2OcNhdzKeAB1FNAys5wx+poprEZPGefWimI11PFZdyx8zn0GKuRTK/Q5qKcAoT3pbD3KORTogxYFexzzUdXIUMY+YYJ5A/qfShiSuN2H0oqSigCmICehFS7JSQHyVHXnt/OmpVuLkZoAuwJGAREMNjqf8/yrIWQsxLdTWvbfeP0/qKx2/1rfVv50WBsduoqEk0UxH//2Q==","1683918005",,,"false","0","0","0","0","0",,,"https://scontent-yyz1-1.xx.fbcdn.net/v/t15.5256-10/346112538_264499255948362_3720955068324346534_n.jpg?stp=dst-jpg_s960x960&_nc_cat=109&ccb=1-7&_nc_sid=ad6a45&_nc_ohc=vddCLOSgEqUAX8LLB4N&_nc_ht=scontent-yyz1-1.xx&oh=00_AfA2-PR4r1IBwyAGTb5lmwwf38yazVr3v3AeOsblWoU6kg&oe=64679C61",,"https://www.facebook.com/Cristiano/videos/552946913656423/","552946913656423",,,"CONTAINED_POST_ATTACHMENT",,,"VideoPlayerShakaPerformanceLogger","useVideoPlayerShakaPerformanceLoggerRelayImpl_init$normalization.graphql","VideoPlayerShakaPerformanceLoggerInit","VideoPlayerShakaPerformanceLoggerBuilder","useVideoPlayerShakaPerformanceLoggerBuilder_init$normalization.graphql","VideoPlayerShakaPerformanceLoggerInit",,"false","default_autoplay","1080","Cristiano Ronaldo","853597436126798","1193","For a chance to win my signed shirt, enter below and download the free LiveScore  app
https://www.livescore.com/en/promo/socialcomp/may23/ 

*18+. Ends (23:59) 19/05/23 GMT. T&Cs apply.","2023-05-12T19:00:05.000Z","1683918005","https://www.facebook.com/100044296486382/posts/853597436126798","https://www.facebook.com/Cristiano/posts/pfbid0PiE4CwR9Z9oYb6wMhkSWzzNvsZbDptYkkncKZhnL49uTmLBvHWUfCFqabu6ebuzil"
"46471","100044296486382","https://www.facebook.com/Cristiano","ZmVlZGJhY2s6ODUyOTE5NDM2MTk0NTk4",,"1232524",,,,"3","a19808f7306bfe39bc84a9f0a4dcf5b0","Photo","Photo","Photo","May be an image of 1 person, wrist watch and bangle",,"0.5","0.33","852908909528984","600","https://scontent-atl3-1.xx.fbcdn.net/v/t39.30808-6/343075508_651583423456976_718979606784220735_n.jpg?stp=dst-jpg_s600x600&_nc_cat=1&ccb=1-7&_nc_sid=8bfeb9&_nc_ohc=imkTSr05KhwAX86jpm5&_nc_ht=scontent-atl3-1.xx&oh=00_AfDLCMHaMurcVJu3xkzL8au37DJW_2JFo0lz1S5-mWzilQ&oe=6468D91E","400","false","User","100044296486382",,"2048","https://scontent-atl3-1.xx.fbcdn.net/v/t39.30808-6/343075508_651583423456976_718979606784220735_n.jpg?_nc_cat=1&ccb=1-7&_nc_sid=8bfeb9&_nc_ohc=imkTSr05KhwAX86jpm5&_nc_ht=scontent-atl3-1.xx&oh=00_AfBa-AXK9ay6PsC9lCR6lMDSrcNdPyrQdgO7LnsMFjbNIA&oe=6468D91E","1366","https://www.facebook.com/photo.php?fbid=852908909528984&set=a.322648379221709&type=3","8c55d4dde7503233ceefe0be7072e1d5","Photo","Photo","Photo","May be an image of 2 people, wrist watch, suit, dinner jacket, office and text",,"0.5","0.33","852908916195650","600","https://scontent-atl3-1.xx.fbcdn.net/v/t39.30808-6/342825311_666405651976384_7880395042220439807_n.jpg?stp=dst-jpg_s600x600&_nc_cat=1&ccb=1-7&_nc_sid=8bfeb9&_nc_ohc=vJE4SRfEt2AAX9eE5pe&_nc_ht=scontent-atl3-1.xx&oh=00_AfBkBHtO1WJYbu0oJgXTG1kELBJ24zEoj79_ixRiDvGAKg&oe=64678778","400","false","User","100044296486382",,"2048","https://scontent-atl3-1.xx.fbcdn.net/v/t39.30808-6/342825311_666405651976384_7880395042220439807_n.jpg?_nc_cat=1&ccb=1-7&_nc_sid=8bfeb9&_nc_ohc=vJE4SRfEt2AAX9eE5pe&_nc_ht=scontent-atl3-1.xx&oh=00_AfD4h938uFEW4RZW6ijebBtvud7kEMURaJKA0cFFhuohKg&oe=64678778","1366","https://www.facebook.com/photo.php?fbid=852908916195650&set=a.322648379221709&type=3","3a65c716bac1048ad3551c5dbeabad8d","Photo","Photo","Photo","May be an image of wrist watch and text",,"0.5","0.33","852908942862314","600","https://scontent-atl3-1.xx.fbcdn.net/v/t39.30808-6/345037288_813854690456816_4161622123017892753_n.jpg?stp=dst-jpg_p480x480&_nc_cat=1&ccb=1-7&_nc_sid=8bfeb9&_nc_ohc=iP3vmeLGqPQAX9Wk-P-&_nc_ht=scontent-atl3-1.xx&oh=00_AfBJD948kfNH7CgDw1nnfaWhWNaOniv1-3Vl2SHYpB9S_g&oe=64680F21","480","false","User","100044296486382",,"2048","https://scontent-atl3-1.xx.fbcdn.net/v/t39.30808-6/345037288_813854690456816_4161622123017892753_n.jpg?_nc_cat=1&ccb=1-7&_nc_sid=8bfeb9&_nc_ohc=iP3vmeLGqPQAX9Wk-P-&_nc_ht=scontent-atl3-1.xx&oh=00_AfBR__Fsg0-0MZyPGGtQtPc7SAfTB-ADnVqnETuBqb2UFg&oe=64680F21","1638","https://www.facebook.com/photo.php?fbid=852908942862314&set=a.322648379221709&type=3",,,,,,,,,,,,,,,,,,,,,,,,,,,,,,,,,,,,,,,,,,,,,,,,,,,,,,,,,,,,,,,,,,,,,,,,,,,,,"pcb.852919436194598",,,,,,,,,,,,,,,,,,,,,,,,,,,,,,,,,,,,,"https://www.facebook.com/Cristiano/posts/pfbid0goJoA9dtWTkPKwxdmemwAtLzTHoUxqmUMbbtYyN4Ggo4R5rbuKNUsM3FHZMEaj8Bl",,,,,,,,,,,,,,,,,"Cristiano Ronaldo","852919436194598","16310","Excited to visit the new Jacob & Co. boutique in Riyad, Saudi Arabia! Thank you Jacob Arabo for the warm welcome.",,,"https://www.facebook.com/100044296486382/posts/852919436194598",
